{
    "x": {
        "description": "Forward (+) / Backward (-)",
        "actions": {
            "mean": -0.00029540163769936476,
            "std": 0.008847494735500163,
            "min": -0.030797177032295453,
            "max": 0.026256400741034247,
            "median": 0.0,
            "10th": -0.011961100557299265,
            "90th": 0.010301729509143003,
            "interdecile_range": 0.022262830066442266
        }
    },
    "y": {
        "description": "Left (+) / Right (-)",
        "actions": {
            "mean": -0.0003001346305633018,
            "std": 0.008830595223374623,
            "min": -0.030635672558634634,
            "max": 0.03375859293811016,
            "median": -9.238575182646258e-12,
            "10th": -0.010515653569223576,
            "90th": 0.009163822758230234,
            "interdecile_range": 0.01967947632745381
        }
    },
    "z": {
        "description": "Up (+) / Down (-)",
        "actions": {
            "mean": 0.0008044037256182074,
            "std": 0.010452353423829093,
            "min": -0.03918136357212222,
            "max": 0.04226564175720279,
            "median": -0.00036632094407976906,
            "10th": -0.009700205832772603,
            "90th": 0.0161120661710206,
            "interdecile_range": 0.0258122720037932
        }
    },
    "tilt": {
        "description": "Tilt Up (+) / Down (-)",
        "actions": {
            "mean": -0.00034146375160114826,
            "std": 0.02757592842364131,
            "min": -0.19528582980993603,
            "max": 0.17274086803668565,
            "median": 0.0,
            "10th": -0.021601455212812412,
            "90th": 0.023344842763149163,
            "interdecile_range": 0.04494629797596157
        }
    },
    "roll": {
        "description": "Roll Up (+) / Down (-)",
        "actions": {
            "mean": -0.00013790542658612018,
            "std": 0.032089442482716744,
            "min": -0.1661418846910159,
            "max": 0.16187889331271235,
            "median": 0.0005486415706297584,
            "10th": -0.03522197644551174,
            "90th": 0.031038338205755422,
            "interdecile_range": 0.06626031465126717
        }
    },
    "rotation": {
        "description": "Rotate CCW (+) / CW (-)",
        "actions": {
            "mean": -0.0013224975282744398,
            "std": 0.06377432222468206,
            "min": -0.2721187316104629,
            "max": 0.29397735257804697,
            "median": 0.0,
            "10th": -0.04930562934730515,
            "90th": 0.05389385080304674,
            "interdecile_range": 0.10319948015035188
        }
    },
    "gripper": {
        "description": "Open (+) / Close (-)",
        "actions": {}
    }
}
